source_table,source_column,pdp_class,nullable
account_move,access_token,secret,
account_move,always_tax_exigible,internal,
account_move,amount_residual,internal,
account_move,amount_residual_signed,internal,
account_move,amount_tax,internal,
account_move,amount_tax_signed,internal,
account_move,amount_total,internal,
account_move,amount_total_in_currency_signed,internal,
account_move,amount_total_signed,internal,
account_move,amount_untaxed,internal,
account_move,amount_untaxed_in_currency_signed,internal,
account_move,amount_untaxed_signed,internal,
account_move,auto_post,internal,
account_move,auto_post_origin_id,internal,
account_move,auto_post_until,internal,
account_move,campaign_id,internal,
account_move,checked,internal,
account_move,commercial_partner_id,internal,
account_move,company_id,internal,
account_move,create_date,internal,
account_move,create_uid,internal,
account_move,currency_id,internal,
account_move,date,internal,
account_move,delivery_date,internal,
account_move,fiscal_position_id,internal,
account_move,id,internal,
account_move,inalterable_hash,secret,
account_move,incoterm_location,internal,
account_move,invoice_cash_rounding_id,internal,
account_move,invoice_currency_rate,internal,
account_move,invoice_date,internal,
account_move,invoice_date_due,internal,
account_move,invoice_incoterm_id,internal,
account_move,invoice_origin,internal,
account_move,invoice_partner_display_name,personal,
account_move,invoice_payment_term_id,internal,
account_move,invoice_source_email,personal,
account_move,invoice_user_id,internal,
account_move,is_manually_modified,internal,
account_move,is_move_sent,internal,
account_move,journal_id,internal,
account_move,l10n_id_coretax_add_info_07,internal,
account_move,l10n_id_coretax_add_info_08,internal,
account_move,l10n_id_coretax_custom_doc,internal,
account_move,l10n_id_coretax_custom_doc_month_year,internal,
account_move,l10n_id_coretax_document,internal,
account_move,l10n_id_coretax_facility_info_07,internal,
account_move,l10n_id_coretax_facility_info_08,internal,
account_move,l10n_id_kode_transaksi,internal,
account_move,made_sequence_gap,internal,
account_move,medium_id,internal,
account_move,message_main_attachment_id,internal,
account_move,move_type,internal,
account_move,name,internal,
account_move,narration,sensitive,true
account_move,operating_unit_id,internal,
account_move,origin_payment_id,internal,
account_move,partner_bank_id,internal,
account_move,partner_id,internal,
account_move,partner_shipping_id,internal,
account_move,payment_reference,internal,
account_move,payment_state,internal,
account_move,posted_before,internal,
account_move,preferred_payment_method_line_id,internal,
account_move,qr_code_method,internal,
account_move,quick_edit_total_amount,internal,
account_move,ref,internal,
account_move,reversed_entry_id,internal,
account_move,reversed_pos_order_id,internal,
account_move,secure_sequence_number,internal,
account_move,sending_data,internal,
account_move,sequence_number,internal,
account_move,sequence_prefix,internal,
account_move,source_id,internal,
account_move,state,internal,
account_move,statement_line_id,internal,
account_move,tax_cash_basis_origin_move_id,internal,
account_move,tax_cash_basis_rec_id,internal,
account_move,taxable_supply_date,internal,
account_move,team_id,internal,
account_move,write_date,internal,
account_move,write_uid,internal,
account_move,x_custom_approval_request_id,internal,
account_move,x_custom_approval_state,internal,
account_move,x_custom_coretax_response_attach_id,internal,
account_move,x_custom_coretax_status,internal,
account_move,x_custom_coretax_status_code,internal,
account_move,x_custom_coretax_submission_uuid,internal,
account_move,x_custom_has_bukti_potong,internal,
account_move,x_custom_has_faktur_pajak,internal,
account_move,x_custom_no_bukti_potong,internal,
account_move,x_custom_nsfp,internal,
account_move,x_custom_tanggal_bukti_potong,internal,
account_move,x_custom_tanggal_faktur_pajak,internal,
account_move_line,account_id,internal,
account_move_line,amount_currency,internal,
account_move_line,amount_residual,internal,
account_move_line,amount_residual_currency,internal,
account_move_line,analytic_distribution,internal,
account_move_line,balance,internal,
account_move_line,cogs_origin_id,internal,
account_move_line,collapse_composition,internal,
account_move_line,collapse_prices,internal,
account_move_line,company_currency_id,internal,
account_move_line,company_id,internal,
account_move_line,create_date,internal,
account_move_line,create_uid,internal,
account_move_line,credit,internal,
account_move_line,currency_id,internal,
account_move_line,date,internal,
account_move_line,date_maturity,internal,
account_move_line,debit,internal,
account_move_line,deductible_amount,internal,
account_move_line,discount,internal,
account_move_line,discount_amount_currency,internal,
account_move_line,discount_balance,internal,
account_move_line,discount_date,internal,
account_move_line,display_type,internal,
account_move_line,extra_tax_data,internal,
account_move_line,full_reconcile_id,internal,
account_move_line,group_tax_id,internal,
account_move_line,id,internal,
account_move_line,invoice_date,internal,
account_move_line,is_downpayment,internal,
account_move_line,is_imported,internal,
account_move_line,is_storno,internal,
account_move_line,journal_id,internal,
account_move_line,matching_number,internal,
account_move_line,move_id,internal,
account_move_line,move_name,internal,
account_move_line,name,internal,
account_move_line,no_followup,internal,
account_move_line,parent_state,internal,
account_move_line,partner_id,internal,
account_move_line,payment_id,internal,
account_move_line,price_subtotal,internal,
account_move_line,price_total,internal,
account_move_line,price_unit,internal,
account_move_line,product_id,internal,
account_move_line,product_uom_id,internal,
account_move_line,purchase_line_id,internal,
account_move_line,quantity,internal,
account_move_line,reconcile_model_id,internal,
account_move_line,reconciled,internal,
account_move_line,ref,internal,
account_move_line,sequence,internal,
account_move_line,statement_id,internal,
account_move_line,statement_line_id,internal,
account_move_line,tax_base_amount,internal,
account_move_line,tax_group_id,internal,
account_move_line,tax_line_id,internal,
account_move_line,tax_repartition_line_id,internal,
account_move_line,write_date,internal,
account_move_line,write_uid,internal,
product_template,active,internal,
product_template,available_in_pos,internal,
product_template,can_image_1024_be_zoomed,internal,
product_template,categ_id,internal,
product_template,color,internal,
product_template,company_id,internal,
product_template,create_date,internal,
product_template,create_uid,internal,
product_template,default_code,public,
product_template,description,public,
product_template,description_picking,internal,
product_template,description_pickingin,internal,
product_template,description_pickingout,internal,
product_template,description_purchase,internal,
product_template,description_sale,public,
product_template,expense_policy,internal,
product_template,has_configurable_attributes,internal,
product_template,id,internal,
product_template,invoice_policy,internal,
product_template,is_favorite,internal,
product_template,is_storable,internal,
product_template,l10n_id_product_code,internal,
product_template,list_price,public,
product_template,lot_sequence_id,internal,
product_template,lot_valuated,internal,
product_template,name,public,
product_template,ndi_divisi_id,internal,
product_template,ndi_hj1,internal,
product_template,ndi_hj2,internal,
product_template,ndi_hj3,internal,
product_template,ndi_hj4,internal,
product_template,ndi_hj5,internal,
product_template,ndi_hj6,internal,
product_template,ndi_hj7,internal,
product_template,ndi_hj8,internal,
product_template,ndi_hj9,internal,
product_template,ndi_hpp_dasar,internal,
product_template,ndi_insentif_bulanan_rp,internal,
product_template,ndi_insentif_kwartal_rp,internal,
product_template,ndi_jenis_produk,internal,
product_template,ndi_kategori_id,internal,
product_template,ndi_margin_het_rp,internal,
product_template,ndi_ongkir_rp,internal,
product_template,ndi_pajak_pct,internal,
product_template,ndi_pembulatan_rp,internal,
product_template,ndi_profit_pct,internal,
product_template,ndi_risiko_pct,internal,
product_template,ndi_stok_maks,internal,
product_template,ndi_stok_min,internal,
product_template,pos_sequence,internal,
product_template,product_properties,internal,
product_template,project_id,internal,
product_template,project_template_id,internal,
product_template,property_account_expense_id,internal,
product_template,property_account_income_id,internal,
product_template,property_price_difference_account_id,internal,
product_template,property_stock_inventory,internal,
product_template,property_stock_production,internal,
product_template,public_description,public,
product_template,purchase_line_warn_msg,internal,
product_template,purchase_method,internal,
product_template,purchase_ok,internal,
product_template,responsible_id,internal,
product_template,sale_delay,internal,
product_template,sale_line_warn_msg,internal,
product_template,sale_ok,internal,
product_template,sequence,internal,
product_template,service_to_purchase,internal,
product_template,service_tracking,internal,
product_template,service_type,internal,
product_template,task_template_id,internal,
product_template,to_weight,internal,
product_template,tracking,internal,
product_template,type,internal,
product_template,uom_id,internal,
product_template,volume,internal,
product_template,weight,internal,
product_template,write_date,internal,
product_template,write_uid,internal,
sale_order,access_token,secret,
sale_order,amount_tax,internal,
sale_order,amount_total,internal,
sale_order,amount_unpaid,internal,
sale_order,amount_untaxed,internal,
sale_order,campaign_id,internal,
sale_order,client_order_ref,personal,
sale_order,commitment_date,internal,
sale_order,company_id,internal,
sale_order,create_date,internal,
sale_order,create_uid,internal,
sale_order,currency_id,internal,
sale_order,currency_rate,internal,
sale_order,customizable_pdf_form_fields,internal,
sale_order,date_order,internal,
sale_order,delivery_status,internal,
sale_order,effective_date,internal,
sale_order,fiscal_position_id,internal,
sale_order,id,internal,
sale_order,incoterm,internal,
sale_order,incoterm_location,internal,
sale_order,invoice_status,internal,
sale_order,journal_id,internal,
sale_order,locked,internal,
sale_order,medium_id,internal,
sale_order,name,internal,
sale_order,note,sensitive,true
sale_order,operating_unit_id,internal,
sale_order,origin,internal,
sale_order,partner_id,internal,
sale_order,partner_invoice_id,internal,
sale_order,partner_shipping_id,internal,
sale_order,payment_term_id,internal,
sale_order,pending_email_template_id,internal,
sale_order,picking_policy,internal,
sale_order,preferred_payment_method_line_id,internal,
sale_order,prepayment_percent,internal,
sale_order,pricelist_id,internal,
sale_order,project_id,internal,
sale_order,reference,internal,
sale_order,require_payment,internal,
sale_order,require_signature,internal,
sale_order,sale_order_template_id,internal,
sale_order,signed_by,personal,
sale_order,signed_on,internal,
sale_order,source_id,internal,
sale_order,state,internal,
sale_order,team_id,internal,
sale_order,user_id,internal,
sale_order,validity_date,internal,
sale_order,warehouse_id,internal,
sale_order,write_date,internal,
sale_order,write_uid,internal,
sale_order,x_custom_approval_request_id,internal,
sale_order,x_custom_approval_state,internal,
sale_order_line,analytic_distribution,internal,
sale_order_line,collapse_composition,internal,
sale_order_line,collapse_prices,internal,
sale_order_line,combo_item_id,internal,
sale_order_line,company_id,internal,
sale_order_line,create_date,internal,
sale_order_line,create_uid,internal,
sale_order_line,currency_id,internal,
sale_order_line,customer_lead,internal,
sale_order_line,discount,internal,
sale_order_line,display_type,internal,
sale_order_line,extra_tax_data,internal,
sale_order_line,id,internal,
sale_order_line,invoice_status,internal,
sale_order_line,is_downpayment,internal,
sale_order_line,is_expense,internal,
sale_order_line,is_optional,internal,
sale_order_line,is_service,internal,
sale_order_line,linked_line_id,internal,
sale_order_line,linked_virtual_id,internal,
sale_order_line,name,internal,
sale_order_line,ndi_hj_components,internal,
sale_order_line,ndi_hj_level,internal,
sale_order_line,ndi_hpp_snapshot,internal,
sale_order_line,order_id,internal,
sale_order_line,order_partner_id,internal,
sale_order_line,price_reduce_taxexcl,internal,
sale_order_line,price_reduce_taxinc,internal,
sale_order_line,price_subtotal,internal,
sale_order_line,price_tax,internal,
sale_order_line,price_total,internal,
sale_order_line,price_unit,internal,
sale_order_line,product_id,internal,
sale_order_line,product_uom_id,internal,
sale_order_line,product_uom_qty,internal,
sale_order_line,project_id,internal,
sale_order_line,qty_delivered,internal,
sale_order_line,qty_delivered_method,internal,
sale_order_line,qty_invoiced,internal,
sale_order_line,qty_to_invoice,internal,
sale_order_line,salesman_id,internal,
sale_order_line,sequence,internal,
sale_order_line,state,internal,
sale_order_line,task_id,internal,
sale_order_line,technical_price_unit,internal,
sale_order_line,untaxed_amount_invoiced,internal,
sale_order_line,untaxed_amount_to_invoice,internal,
sale_order_line,virtual_id,internal,
sale_order_line,warehouse_id,internal,
sale_order_line,write_date,internal,
sale_order_line,write_uid,internal,
product_template,can_be_expensed,internal,
product_template,service_upsell_threshold,internal,
product_template,x_custom_withholding_category_id,internal,
sale_order,custom_credit_check_log_id,internal,
sale_order,opportunity_id,internal,
sale_order_line,has_displayed_warning_upsell,internal,
sale_order_line,remaining_hours,internal,
account_move,custom_match_result_id,internal,
account_move,custom_match_status,internal,
account_move,x_custom_coretax_kode_status,internal,
account_move,x_custom_coretax_replaced_by_id,internal,
account_move,x_custom_coretax_replacement_of_id,internal,
account_move,x_custom_ic_mirror_id,internal,
account_move,x_custom_ic_rule_id,internal,
account_move,x_custom_ic_source_id,internal,
account_move,x_custom_total_withheld,internal,
account_move,x_custom_withholding_move_id,internal,
account_move_line,expense_id,internal,
account_move_line,x_custom_tax_label,internal,
account_move_line,x_custom_withholding_category_id,internal,
res_company,account_cash_basis_base_account_id,internal,
res_company,account_default_pos_receivable_account_id,internal,
res_company,account_discount_expense_allocation_id,internal,
res_company,account_discount_income_allocation_id,internal,
res_company,account_fiscal_country_id,internal,
res_company,account_journal_early_pay_discount_gain_account_id,internal,
res_company,account_journal_early_pay_discount_loss_account_id,internal,
res_company,account_journal_suspense_account_id,internal,
res_company,account_opening_date,internal,
res_company,account_opening_move_id,internal,
res_company,account_price_include,internal,
res_company,account_production_wip_account_id,internal,
res_company,account_production_wip_overhead_account_id,internal,
res_company,account_purchase_receipt_fiscal_position_id,internal,
res_company,account_purchase_tax_id,internal,
res_company,account_sale_tax_id,internal,
res_company,account_stock_journal_id,internal,
res_company,account_stock_valuation_id,internal,
res_company,account_storno,internal,
res_company,account_use_credit_limit,internal,
res_company,active,internal,
res_company,alias_domain_id,internal,
res_company,anglo_saxon_accounting,internal,
res_company,annual_inventory_day,internal,
res_company,annual_inventory_month,internal,
res_company,automatic_entry_default_journal_id,internal,
res_company,autopost_bills,internal,
res_company,bank_account_code_prefix,internal,
res_company,batch_payment_sequence_id,internal,
res_company,cash_account_code_prefix,internal,
res_company,chart_template,internal,
res_company,company_details,public,
res_company,contract_expiration_notice_period,internal,
res_company,cost_method,internal,
res_company,create_date,internal,
res_company,create_uid,internal,
res_company,currency_exchange_journal_id,internal,
res_company,currency_id,internal,
res_company,days_to_purchase,internal,
res_company,default_cash_difference_expense_account_id,internal,
res_company,default_cash_difference_income_account_id,internal,
res_company,display_invoice_amount_total_words,internal,
res_company,display_invoice_tax_company_currency,internal,
res_company,domestic_fiscal_position_id,internal,
res_company,downpayment_account_id,internal,
res_company,email,public,
res_company,email_primary_color,internal,
res_company,email_secondary_color,internal,
res_company,employee_properties_definition,internal,
res_company,expects_chart_of_accounts,internal,
res_company,expense_account_id,internal,
res_company,expense_accrual_account_id,internal,
res_company,expense_currency_exchange_account_id,internal,
res_company,external_report_layout_id,internal,
res_company,fiscalyear_last_day,internal,
res_company,fiscalyear_last_month,internal,
res_company,fiscalyear_lock_date,internal,
res_company,font,internal,
res_company,hard_lock_date,internal,
res_company,has_received_warning_stock_sms,internal,
res_company,horizon_days,internal,
res_company,hr_presence_control_attendance,internal,
res_company,hr_presence_control_email,internal,
res_company,hr_presence_control_email_amount,internal,
res_company,hr_presence_control_ip,internal,
res_company,hr_presence_control_ip_list,internal,
res_company,hr_presence_control_login,internal,
res_company,iap_enrich_auto_done,internal,
res_company,id,internal,
res_company,income_account_id,internal,
res_company,income_currency_exchange_account_id,internal,
res_company,incoterm_id,internal,
res_company,internal_transit_location_id,internal,
res_company,inventory_period,internal,
res_company,inventory_valuation,internal,
res_company,invoice_terms,public,
res_company,invoice_terms_html,public,
res_company,layout_background,internal,
res_company,link_qr_code,internal,
res_company,logo_web,internal,
res_company,name,public,
res_company,nomenclature_id,internal,
res_company,paperformat_id,internal,
res_company,parent_id,internal,
res_company,parent_path,internal,
res_company,partner_id,internal,
res_company,phone,public,
res_company,po_double_validation,internal,
res_company,po_double_validation_amount,internal,
res_company,po_lock,internal,
res_company,point_of_sale_ticket_portal_url_display_mode,internal,
res_company,point_of_sale_ticket_unique_code,internal,
res_company,point_of_sale_update_stock_quantities,internal,
res_company,point_of_sale_use_ticket_qr_code,internal,
res_company,portal_confirmation_pay,internal,
res_company,portal_confirmation_sign,internal,
res_company,prepayment_percent,internal,
res_company,price_difference_account_id,internal,
res_company,primary_color,internal,
res_company,purchase_lock_date,internal,
res_company,qr_code,internal,
res_company,quick_edit_mode,internal,
res_company,quotation_validity_days,internal,
res_company,report_footer,public,
res_company,report_header,public,
res_company,resource_calendar_id,internal,
res_company,restrictive_audit_trail,internal,
res_company,revenue_accrual_account_id,internal,
res_company,sale_discount_product_id,internal,
res_company,sale_lock_date,internal,
res_company,sale_onboarding_payment_method,internal,
res_company,sale_order_template_id,internal,
res_company,secondary_color,internal,
res_company,security_lead,internal,
res_company,sequence,internal,
res_company,snailmail_color,internal,
res_company,snailmail_cover,internal,
res_company,snailmail_duplex,internal,
res_company,social_discord,internal,
res_company,social_facebook,internal,
res_company,social_github,internal,
res_company,social_instagram,internal,
res_company,social_linkedin,internal,
res_company,social_tiktok,internal,
res_company,social_twitter,internal,
res_company,social_youtube,internal,
res_company,stock_confirmation_type,internal,
res_company,stock_mail_confirmation_template_id,internal,
res_company,stock_move_email_validation,internal,
res_company,stock_sms_confirmation_template_id,internal,
res_company,stock_text_confirmation,internal,
res_company,tax_calculation_rounding_method,internal,
res_company,tax_cash_basis_journal_id,internal,
res_company,tax_exigibility,internal,
res_company,tax_lock_date,internal,
res_company,terms_type,internal,
res_company,transfer_account_code_prefix,internal,
res_company,transfer_account_id,internal,
res_company,uses_default_logo,internal,
res_company,vat_check_vies,internal,
res_company,website_id,internal,
res_company,work_permit_expiration_notice_period,internal,
res_company,write_date,internal,
res_company,write_uid,internal,
res_partner,active,internal,
res_partner,autopost_bills,internal,
res_partner,barcode,sensitive,true
res_partner,buyer_id,internal,
res_partner,calendar_last_notif_ack,internal,
res_partner,city,personal,
res_partner,color,internal,
res_partner,comment,sensitive,true
res_partner,commercial_company_name,personal,
res_partner,commercial_partner_id,internal,
res_partner,company_id,internal,
res_partner,company_name,personal,
res_partner,company_registry,personal,
res_partner,complete_name,personal,
res_partner,country_id,internal,
res_partner,create_date,internal,
res_partner,create_uid,internal,
res_partner,credit_limit,internal,
res_partner,customer_rank,internal,
res_partner,email,personal,
res_partner,email_normalized,personal,
res_partner,employee,internal,
res_partner,function,personal,
res_partner,global_location_number,personal,
res_partner,group_on,internal,
res_partner,group_rfq,internal,
res_partner,id,internal,
res_partner,ignore_abnormal_invoice_amount,internal,
res_partner,ignore_abnormal_invoice_date,internal,
res_partner,industry_id,internal,
res_partner,invoice_edi_format_store,internal,
res_partner,invoice_sending_method,internal,
res_partner,invoice_template_pdf_report_id,internal,
res_partner,is_company,internal,
res_partner,is_published,internal,
res_partner,l10n_id_buyer_document_number,sensitive,
res_partner,l10n_id_buyer_document_type,internal,
res_partner,l10n_id_kode_transaksi,internal,
res_partner,l10n_id_nik,sensitive,
res_partner,l10n_id_pkp,internal,
res_partner,l10n_id_tku,sensitive,
res_partner,lang,internal,
res_partner,message_bounce,internal,
res_partner,name,personal,
res_partner,ndi_customer_type,internal,
res_partner,ndi_default_hj_level,internal,
res_partner,ndi_sales_region,internal,
res_partner,parent_id,internal,
res_partner,partner_latitude,sensitive,true
res_partner,partner_longitude,sensitive,true
res_partner,partner_share,internal,
res_partner,peppol_eas,internal,
res_partner,peppol_endpoint,personal,
res_partner,phone,personal,
res_partner,phone_sanitized,personal,
res_partner,picking_warn_msg,sensitive,true
res_partner,properties,sensitive,true
res_partner,property_account_payable_id,internal,
res_partner,property_account_position_id,internal,
res_partner,property_account_receivable_id,internal,
res_partner,property_inbound_payment_method_line_id,internal,
res_partner,property_outbound_payment_method_line_id,internal,
res_partner,property_payment_term_id,internal,
res_partner,property_purchase_currency_id,internal,
res_partner,property_stock_customer,internal,
res_partner,property_stock_supplier,internal,
res_partner,property_supplier_payment_term_id,internal,
res_partner,purchase_warn_msg,internal,
res_partner,receipt_reminder_email,internal,
res_partner,ref,personal,
res_partner,reminder_date_before_receipt,internal,
res_partner,sale_warn_msg,sensitive,true
res_partner,signup_type,personal,
res_partner,specific_property_product_pricelist,internal,
res_partner,state_id,internal,
res_partner,street,personal,
res_partner,street2,personal,
res_partner,suggest_based_on,internal,
res_partner,suggest_days,internal,
res_partner,suggest_percent,internal,
res_partner,supplier_rank,internal,
res_partner,trust,internal,
res_partner,type,internal,
res_partner,tz,internal,
res_partner,user_id,internal,
res_partner,vat,sensitive,
res_partner,vies_valid,internal,
res_partner,website,personal,
res_partner,website_id,internal,
res_partner,write_date,internal,
res_partner,write_uid,internal,
res_partner,zip,personal,
res_company,brand_accent_color,internal,
res_company,expense_journal_id,internal,
res_company,home_announcement_active,internal,
res_company,home_announcement_html,internal,
res_company,internal_project_id,internal,
res_company,leave_timesheet_task_id,internal,
res_company,project_time_mode_id,internal,
res_company,report_bank_details,internal,
res_company,report_footer_note,internal,
res_company,report_show_product_name,internal,
res_company,timesheet_encode_uom_id,internal,
res_company,x_custom_coretax_user_id,internal,
res_company,x_custom_ic_enabled,internal,
res_company,x_custom_nitku_suffix,internal,
res_company,x_custom_npwp_penandatangan,sensitive,
res_partner,credit_limit_check_method,internal,
res_partner,custom_credit_limit,internal,
res_partner,custom_credit_limit_check_method,internal,
res_partner,custom_followup_last_sent,internal,
res_partner,custom_followup_level_id,internal,
res_partner,custom_followup_next_date,internal,
res_partner,x_custom_birth_date,secret,
res_partner,x_custom_birth_place,sensitive,
res_partner,x_custom_foreign_counterparty,internal,
res_partner,x_custom_has_valid_npwp,internal,
res_partner,x_custom_kitas,sensitive,
res_partner,x_custom_nik,sensitive,
res_partner,x_custom_nitku,sensitive,
res_partner,x_custom_npwp,sensitive,
res_partner,x_custom_npwp_status,sensitive,
res_partner,x_custom_passport,sensitive,
res_partner,x_custom_pkp,internal,
res_partner,x_custom_ptkp,sensitive,
res_partner,x_custom_tin,sensitive,
